domain_id	pfam
A0A033U9S4.1/614-697	examples/PF08428
A0A033U9S4.1/700-783	examples/PF08428
A0A033UD33.1/1-55	examples/PF18957
A0A033UD33.1/67-165	examples/PF18957
A0A033V228.1/1047-1142	examples/PF18957
A0A033V228.1/1146-1242	examples/PF18957
A0A033V228.1/1246-1339	examples/PF18957
A0A033V228.1/1343-1437	examples/PF18957
A0A062WZG8.1/773-863	examples/PF18957
A0A062WZG8.1/1082-1156	examples/PF08428
A0A062WZG8.1/1157-1232	examples/PF08428
A0A062WZG8.1/1233-1308	examples/PF08428
A0A062WZG8.1/1309-1384	examples/PF08428
A0A062WZG8.1/1397-1472	examples/PF08428
A0A062WZG8.1/1473-1548	examples/PF08428
A0A062WZG8.1/1561-1636	examples/PF08428
A0A062WZG8.1/1637-1712	examples/PF08428
A0A062WZG8.1/1724-1799	examples/PF08428
A0A062WZG8.1/1810-1885	examples/PF08428
A0A062X2K0.1/1-48	examples/PF08428
A0A062X2K0.1/52-127	examples/PF08428
A0A062X6B4.1/702-796	examples/PF08428
A0A062X6B4.1/891-970	examples/PF08428
A0A062X6B4.1/973-1048	examples/PF08428
A0A062X6B4.1/1049-1124	examples/PF08428
A0A062X6B4.1/1131-1209	examples/PF08428
A0A062X6B4.1/1210-1283	examples/PF08428
A0A062XA95.1/2-52	examples/PF08428
A0A062XA95.1/53-133	examples/PF08428
A0A062XA95.1/219-293	examples/PF08428
A0A062XA95.1/301-377	examples/PF08428
A0A062XA95.1/378-454	examples/PF08428
A0A062XA95.1/455-531	examples/PF08428
A0A062XA95.1/532-608	examples/PF08428
A0A062XA95.1/609-685	examples/PF08428
A0A062XA95.1/686-762	examples/PF08428
A0A062XA95.1/763-839	examples/PF08428
A0A062XA95.1/840-916	examples/PF08428
A0A062XA95.1/917-993	examples/PF08428
A0A062XA95.1/994-1070	examples/PF08428
A0A062XA95.1/1071-1147	examples/PF08428
A0A062XA95.1/1148-1224	examples/PF08428
A0A062XA95.1/1225-1301	examples/PF08428
A0A062XA95.1/1303-1379	examples/PF08428
A0A062XAC7.1/570-684	examples/PF18957
A0A062XAC7.1/689-766	examples/PF08428
A0A062XAC7.1/853-940	examples/PF08428
A0A062XAC7.1/1034-1117	examples/PF08428
A0A062XAC7.1/1119-1194	examples/PF08428
A0A062XAC7.1/1198-1273	examples/PF08428
A0A062XAC7.1/1277-1352	examples/PF08428
A0A062XAC7.1/1356-1431	examples/PF08428
A0A062XAH3.1/11-67	examples/PF08428
A0A062XC48.1/723-837	examples/PF18957
A0A062XC48.1/840-923	examples/PF08428
A0A062XC48.1/926-1013	examples/PF08428
A0A062XC48.1/1098-1181	examples/PF08428
A0A062XC48.1/1274-1357	examples/PF08428
A0A062XC48.1/1446-1502	examples/PF08428
A0A068NHG1.1/570-676	examples/PF18957
A0A068NK65.1/443-511	examples/PF18938
A0A068NK65.1/508-599	examples/PF18957
A0A068NK65.1/607-677	examples/PF18938
A0A068NK65.1/683-753	examples/PF18938
A0A068NK65.1/759-829	examples/PF18938
A0A068NK65.1/835-904	examples/PF18938
A0A068NNK1.1/532-634	examples/PF18957
A0A068NNK1.1/643-747	examples/PF18957
A0A069F0W3.1/311-388	examples/PF08428
A0A069F0W3.1/846-925	examples/PF08428
A0A069F1Q6.1/1-51	examples/PF08428
A0A075TTK5.1/260-352	examples/PF18957
A0A075TTK5.1/544-647	examples/PF18957
A0A076NFB0.1/680-774	examples/PF18957
A0A076NFB0.1/779-870	examples/PF18957
A0A076NFB0.1/876-964	examples/PF18957
A0A076NFB0.1/959-1043	examples/PF18957
A0A076NHN6.1/339-435	examples/PF18957
A0A076NHN6.1/630-717	examples/PF18957
A0A076NHN6.1/720-809	examples/PF18957
A0A076NHX5.1/768-851	examples/PF08428
A0A076NHX5.1/855-931	examples/PF08428
A0A076NKQ1.1/488-594	examples/PF18957
A0A076NKQ1.1/611-698	examples/PF18957
A0A076NKQ1.1/702-795	examples/PF18957
A0A076NKQ1.1/809-900	examples/PF18957
A0A076NKQ1.1/903-999	examples/PF18957
A0A076NKQ1.1/1048-1139	examples/PF18957
A0A076NKQ1.1/1145-1239	examples/PF18957
A0A076NKQ1.1/1254-1345	examples/PF18957
A0A076NKQ1.1/1377-1472	examples/PF18957
A0A076NNI8.1/626-737	examples/PF18957
A0A076NNI8.1/740-841	examples/PF18957
A0A076NNI8.1/999-1096	examples/PF18957
A0A076NNI8.1/1105-1202	examples/PF18957
A0A076NP11.1/159-253	examples/PF18957
A0A076NQI5.1/194-292	examples/PF18957
A0A076NQI5.1/297-389	examples/PF18957
A0A076NTM7.1/455-552	examples/PF18957
A0A076NTM7.1/557-646	examples/PF18957
A0A076NTM7.1/652-740	examples/PF18957
A0A076NTM7.1/749-834	examples/PF18957
A0A076NTM7.1/841-923	examples/PF18957
A0A087D8U9.1/947-1040	examples/PF18957
A0A087D8U9.1/1044-1139	examples/PF18957
A0A087D8U9.1/1496-1587	examples/PF18957
A0A087E9G8.1/699-807	examples/PF18957
A0A087E9G8.1/1173-1258	examples/PF18957
A0A087ED63.1/575-651	examples/PF08428
A0A087ED63.1/655-734	examples/PF08428
A0A087ED63.1/737-816	examples/PF08428
A0A087ED63.1/900-977	examples/PF08428
A0A087ED63.1/981-1061	examples/PF08428
A0A087ED63.1/1063-1139	examples/PF08428
A0A087ED63.1/1143-1224	examples/PF08428
A0A087ED63.1/1225-1301	examples/PF08428
A0A087ED63.1/1302-1379	examples/PF08428
A0A087ED63.1/1380-1457	examples/PF08428
A0A087ED63.1/1458-1534	examples/PF08428
A0A087ED63.1/1535-1610	examples/PF08428
A0A087Q9J7.1/603-677	examples/PF08428
A0A087Q9J7.1/681-756	examples/PF08428
A0A087Q9J7.1/755-828	examples/PF08428
A0A087Q9J8.1/865-960	examples/PF18957
A0A087QA93.1/691-793	examples/PF18957
A0A087QA93.1/1005-1102	examples/PF18957
A0A087QA93.1/2442-2517	examples/PF08428
A0A087QA93.1/2523-2598	examples/PF08428
A0A087QA93.1/2599-2672	examples/PF08428
A0A087QAI1.1/1-72	examples/PF08428
A0A087QAI1.1/80-153	examples/PF08428
A0A087QAI2.1/2050-2133	examples/PF08428
A0A087QAI2.1/2141-2223	examples/PF08428
A0A087QBB7.1/775-849	examples/PF08428
A0A087QCV9.1/58-133	examples/PF08428
A0A090HW06.1/438-537	examples/PF18957
A0A090HW06.1/538-637	examples/PF18957
A0A095XLQ0.1/770-871	examples/PF18957
A0A095XLQ0.1/875-971	examples/PF18957
A0A095XNQ7.1/1515-1597	examples/PF08428
A0A095XNQ7.1/1701-1789	examples/PF08428
A0A095XNQ7.1/1882-1960	examples/PF08428
A0A095YGR6.1/381-496	examples/PF18957
A0A095YGR6.1/503-598	examples/PF18957
A0A095YGR6.1/599-703	examples/PF18957
A0A095YGR6.1/705-801	examples/PF18957
A0A095YGR6.1/805-899	examples/PF18957
A0A095Z4X3.1/3700-3772	examples/PF08428
A0A095Z4X3.1/3881-3966	examples/PF08428
A0A095Z5A8.1/48-120	examples/PF08428
A0A095ZBK2.1/506-610	examples/PF18957
A0A095ZBK2.1/819-927	examples/PF18957
A0A095ZS39.1/712-784	examples/PF18938
A0A096AT65.1/236-332	examples/PF18957
A0A096AT65.1/338-430	examples/PF18957
A0A096AT65.1/528-617	examples/PF18957
A0A097IJ44.1/63-104	examples/PF08428
A0A097IJ44.1/108-204	examples/PF18957
A0A097IJ44.1/211-302	examples/PF18957
A0A097IJK7.1/262-359	examples/PF18957
A0A097IJK7.1/366-459	examples/PF18957
A0A097IJK7.1/464-548	examples/PF18957
A0A0A6RVJ0.1/1-66	examples/PF08428
A0A0A6RYD0.1/230-307	examples/PF08428
A0A0A8B3D7.1/181-277	examples/PF18957
A0A0A8BBS8.1/177-251	examples/PF08428
A0A0B4S0G4.1/341-412	examples/PF18938
A0A0B4S0G4.1/777-849	examples/PF18938
A0A0B4S1M3.1/400-475	examples/PF08428
A0A0B4S1M3.1/903-980	examples/PF08428
A0A0B4S1M3.1/986-1062	examples/PF08428
A0A0B5D089.1/353-446	examples/PF18957
A0A0B6TN82.1/38-132	examples/PF18957
A0A0D4CKV0.1/7-81	examples/PF08428
A0A0D6A0X5.1/784-860	examples/PF08428
A0A0D6A369.1/1832-1909	examples/PF08428
A0A0D6A3Y4.1/1804-1881	examples/PF08428
A0A0D6A446.1/1789-1865	examples/PF08428
A0A0E4H6L8.1/283-357	examples/PF08428
A0A0E4H6L8.1/361-435	examples/PF08428
A0A0E4H6L8.1/439-513	examples/PF08428
A0A0E4H6L8.1/517-591	examples/PF08428
A0A0E4H6L8.1/595-669	examples/PF08428
A0A0E4H6L8.1/673-747	examples/PF08428
A0A0E4H6L8.1/751-825	examples/PF08428
A0A0E4H6L8.1/829-903	examples/PF08428
A0A0G3GXD3.1/977-1076	examples/PF18957
A0A0G3GXD3.1/1173-1282	examples/PF18957
A0A0G3GXD3.1/1377-1476	examples/PF18957
A0A0G3GXD3.1/1481-1582	examples/PF18957
A0A0G3GXD3.1/1682-1784	examples/PF18957
A0A0G3GXD3.1/1975-2064	examples/PF18957
A0A0G3GXD3.1/2169-2266	examples/PF18957
A0A0G3GXD3.1/2276-2369	examples/PF18957
A0A0G3GXD3.1/2574-2670	examples/PF18957
A0A0G3GXD3.1/2685-2778	examples/PF18957
A0A0G3H8U3.1/224-315	examples/PF18957
A0A0G3H8U3.1/320-411	examples/PF18957
A0A0G3H8U3.1/416-506	examples/PF18957
A0A0G3H963.1/218-309	examples/PF18957
A0A0G3H963.1/312-402	examples/PF18957
A0A0G3H963.1/407-497	examples/PF18957
A0A0K1RDB0.1/150-239	examples/PF18957
A0A0K1RDB0.1/253-349	examples/PF18957
A0A0K1RDB0.1/355-446	examples/PF18957
A0A0K1RDB0.1/453-544	examples/PF18957
A0A0K1RDQ1.1/93-188	examples/PF18957
A0A0K1RDQ1.1/192-285	examples/PF18957
A0A0K1RDQ1.1/285-375	examples/PF18957
A0A0K1RDQ1.1/378-469	examples/PF18957
A0A0K1RDX0.1/763-871	examples/PF18957
A0A0K1RDX0.1/904-1001	examples/PF18957
A0A0K1RDX0.1/1009-1084	examples/PF08428
A0A0K1RDX4.1/556-657	examples/PF18957
A0A0K1RE08.1/547-657	examples/PF18957
A0A0K1RE08.1/690-794	examples/PF18957
A0A0K1RE08.1/827-919	examples/PF18957
A0A0K1REI5.1/455-556	examples/PF18957
A0A0K1REI5.1/661-749	examples/PF18957
A0A0K1REI5.1/763-846	examples/PF18957
A0A0K1REI5.1/850-935	examples/PF18957
A0A0K1REI5.1/947-1031	examples/PF18957
A0A0K1REL5.1/553-663	examples/PF18957
A0A0K1REL5.1/700-797	examples/PF18957
A0A0K1REL5.1/801-905	examples/PF18957
A0A0K1REL5.1/942-1039	examples/PF18957
A0A0K1REL5.1/1052-1149	examples/PF18957
A0A0K1REL5.1/1156-1252	examples/PF18957
A0A0K9ET91.1/807-908	examples/PF18957
A0A0K9ET91.1/912-1002	examples/PF18957
A0A0K9ET91.1/1005-1100	examples/PF18957
A0A0K9ET91.1/1131-1232	examples/PF18957
A0A0K9ET91.1/1236-1325	examples/PF18957
A0A0K9ET91.1/1329-1419	examples/PF18957
A0A0K9ET91.1/1426-1515	examples/PF18957
A0A0K9ET91.1/1524-1613	examples/PF18957
A0A0K9ET91.1/1622-1704	examples/PF18957
A0A0K9ETU2.1/724-826	examples/PF18957
A0A0K9ETU2.1/829-947	examples/PF18957
A0A0K9ETU2.1/950-1050	examples/PF18957
A0A0K9ETU2.1/1055-1152	examples/PF18957
A0A0K9ETU2.1/1439-1536	examples/PF18957
A0A0K9ETU2.1/1577-1677	examples/PF18957
A0A0K9ETU2.1/1681-1770	examples/PF18957
A0A0K9EU00.1/13-95	examples/PF18957
A0A0Q0UFW6.1/72-166	examples/PF18957
A0A0Q0UFW6.1/174-266	examples/PF18957
A0A0Q0UFW6.1/273-364	examples/PF18957
A0A0Q0UFW6.1/373-462	examples/PF18957
A0A0Q8LIL2.1/237-332	examples/PF18957
A0A0R1P9V4.1/90-168	examples/PF08428
A0A0R1RY20.1/9-78	examples/PF18938
A0A0R1RY20.1/92-161	examples/PF18938
A0A0R1RY20.1/175-244	examples/PF18938
A0A0R1RYI9.1/12-87	examples/PF08428
A0A0R1RYI9.1/104-185	examples/PF08428
A0A0R1S025.1/82-156	examples/PF08428
A0A0R1S025.1/174-247	examples/PF08428
A0A0R1S025.1/261-335	examples/PF08428
A0A0R1S025.1/350-423	examples/PF08428
A0A0R1S025.1/437-511	examples/PF08428
A0A0R1S025.1/534-611	examples/PF08428
A0A0R1S1H8.1/59-125	examples/PF18938
A0A0R1S1L8.1/194-262	examples/PF18938
A0A0R1S1L8.1/407-476	examples/PF18938
A0A0R1S1L8.1/621-692	examples/PF18938
A0A0R1S1L8.1/840-910	examples/PF18938
A0A0R1S1L8.1/1148-1219	examples/PF18938
A0A0R1S1L8.1/1296-1364	examples/PF18938
A0A0R1S1L8.1/1438-1511	examples/PF18938
A0A0R1S1L8.1/1660-1727	examples/PF18938
A0A0R1S3P6.1/488-559	examples/PF18938
A0A0R1S3P6.1/635-702	examples/PF18938
A0A0R1S3P6.1/792-882	examples/PF18938
A0A0R1S3P6.1/936-1003	examples/PF18938
A0A0R1S3P6.1/1080-1163	examples/PF18938
A0A0R1S3P6.1/1229-1301	examples/PF18938
A0A0R1S3P6.1/1448-1519	examples/PF18938
A0A0R1S3P6.1/1668-1737	examples/PF18938
A0A0R1S3P6.1/1885-1953	examples/PF18938
A0A0R1S3P6.1/1967-2035	examples/PF18938
A0A0R1S3P6.1/2057-2125	examples/PF18938
A0A0R1S3P6.1/2146-2215	examples/PF18938
A0A0R1SA35.1/760-829	examples/PF18938
A0A0R1SA35.1/837-905	examples/PF18938
A0A0R1TT79.1/20-95	examples/PF08428
A0A0R1TT79.1/96-171	examples/PF08428
A0A0R1TT79.1/172-229	examples/PF08428
A0A0R1TT79.1/256-281	examples/PF08428
A0A0R1TT79.1/282-357	examples/PF08428
A0A0R1TT79.1/358-433	examples/PF08428
A0A0R1TT79.1/434-509	examples/PF08428
A0A0R1TT79.1/510-585	examples/PF08428
A0A0R1TT79.1/586-661	examples/PF08428
A0A0R1TT79.1/662-737	examples/PF08428
A0A0R1TT79.1/751-826	examples/PF08428
A0A0R1TWW2.1/8-84	examples/PF08428
A0A0R1TWW2.1/85-161	examples/PF08428
A0A0R1TWW2.1/162-238	examples/PF08428
A0A0R1U0W2.1/1-65	examples/PF08428
A0A0R1U1X5.1/1-65	examples/PF08428
A0A0R1U2F4.1/1-54	examples/PF08428
A0A0R1U2F4.1/55-130	examples/PF08428
A0A0R1U4D6.1/858-951	examples/PF18957
A0A0R1U4D6.1/956-1031	examples/PF08428
A0A0R1U4D6.1/1037-1112	examples/PF08428
A0A0R1U4D6.1/1118-1193	examples/PF08428
A0A0R1U8I6.1/844-934	examples/PF18957
A0A0R1U8I6.1/1155-1229	examples/PF08428
A0A0R1UCQ1.1/384-479	examples/PF18957
A0A0R1UCQ1.1/686-761	examples/PF08428
A0A0R1UCQ1.1/765-840	examples/PF08428
A0A0R1UCQ1.1/846-921	examples/PF08428
A0A0R1UHT9.1/685-769	examples/PF08428
A0A0R1WHU2.1/493-562	examples/PF18938
A0A0R1WLG2.1/492-579	examples/PF08428
A0A0R1WLG2.1/585-664	examples/PF08428
A0A0R1WLG2.1/867-949	examples/PF08428
A0A0R1WLG2.1/950-1028	examples/PF08428
A0A0R1WLG2.1/1030-1105	examples/PF08428
A0A0R1WLG2.1/1109-1184	examples/PF08428
A0A0R1WLG2.1/1188-1263	examples/PF08428
A0A0R1WLG2.1/1265-1339	examples/PF08428
A0A0R1WLG2.1/1340-1386	examples/PF08428
A0A0R1WLK0.1/31-102	examples/PF18938
A0A0R1WM20.1/31-102	examples/PF18938
A0A0R1WPC1.1/396-468	examples/PF18938
A0A0R1WPC1.1/485-563	examples/PF08428
A0A0R1WPC1.1/667-739	examples/PF18938
A0A0R1WPC1.1/764-833	examples/PF18938
A0A0R1WPC1.1/855-925	examples/PF18938
A0A0R1WPC1.1/935-1006	examples/PF18938
A0A0R1WPC1.1/1016-1087	examples/PF18938
A0A0R1WPC1.1/1097-1168	examples/PF18938
A0A0R1WPC1.1/1178-1249	examples/PF18938
A0A0R1WPC1.1/1271-1341	examples/PF18938
A0A0R1WPC1.1/1360-1429	examples/PF18938
A0A0R1WPC1.1/1450-1521	examples/PF18938
A0A0R1WPC1.1/1518-1583	examples/PF18938
A0A0R1WPC1.1/1590-1661	examples/PF18938
A0A0R1WT01.1/1-45	examples/PF08428
A0A0R1WT01.1/49-120	examples/PF18938
A0A0R1WTU4.1/519-595	examples/PF08428
A0A0R1WTU4.1/617-691	examples/PF08428
A0A0R1XJK5.1/856-946	examples/PF08428
A0A0R1XRJ8.1/844-919	examples/PF08428
A0A0R2BCL4.1/145-199	examples/PF08428
A0A0R2BHB2.1/442-525	examples/PF08428
A0A0R2BHB2.1/592-682	examples/PF08428
A0A0R2C4B8.1/479-565	examples/PF08428
A0A0R2C4B8.1/566-643	examples/PF08428
A0A0R2C4B8.1/654-729	examples/PF08428
A0A0R2C4B8.1/728-801	examples/PF08428
A0A0R2C4B8.1/810-878	examples/PF08428
A0A0R2C4B8.1/879-955	examples/PF08428
A0A0R2C4B8.1/960-1057	examples/PF18957
A0A0R2GQ13.1/1-69	examples/PF18938
A0A0R2GQ13.1/80-112	examples/PF18938
A0A0R2GQ13.1/173-214	examples/PF18938
A0A0R2GQ13.1/220-286	examples/PF18938
A0A0R2GST1.1/389-464	examples/PF08428
A0A0R2GTS9.1/2-36	examples/PF18938
A0A0R2GTS9.1/42-121	examples/PF18938
A0A0R2GTS9.1/127-206	examples/PF18938
A0A0R2GTS9.1/212-283	examples/PF18938
A0A0R2GTS9.1/291-363	examples/PF18938
A0A0R2GV56.1/7-83	examples/PF08428
A0A0R2GV56.1/215-287	examples/PF18938
A0A0R2GV56.1/299-376	examples/PF18938
A0A0R2GV56.1/382-459	examples/PF18938
A0A0R2GV56.1/465-542	examples/PF18938
A0A0R2H4W3.1/6-84	examples/PF08428
A0A0R2H4W3.1/85-177	examples/PF08428
A0A0R2H4W3.1/204-283	examples/PF08428
A0A0U1E6C9.1/1019-1093	examples/PF18938
A0A0U2X2Y1.1/161-241	examples/PF08428
A0A0W1KID2.1/57-145	examples/PF18957
A0A0W1KID2.1/147-256	examples/PF18957
A0A0W1KID2.1/256-354	examples/PF18957
A0A0W1KID2.1/359-452	examples/PF18957
A0A0W1KIM9.1/286-366	examples/PF18957
A0A0X8FA68.1/202-278	examples/PF08428
A0A0X8FA68.1/910-1005	examples/PF18957
A0A0X8FA68.1/1232-1330	examples/PF18957
A0A0X8FA68.1/1422-1497	examples/PF08428
A0A0X8FA68.1/1500-1575	examples/PF08428
A0A0X8FA68.1/1578-1653	examples/PF08428
A0A0X8FA68.1/1656-1731	examples/PF08428
A0A0X8FA68.1/1734-1809	examples/PF08428
A0A0X8FA68.1/1812-1887	examples/PF08428
A0A0X8FA68.1/1890-1965	examples/PF08428
A0A0X8FA68.1/1973-2050	examples/PF18938
A0A0X8FAI0.1/74-151	examples/PF18938
A0A0X8FAI0.1/260-338	examples/PF18938
A0A0X8FAI0.1/444-522	examples/PF18938
A0A0X8FAI0.1/716-796	examples/PF08428
A0A0X8FKH8.1/178-253	examples/PF08428
A0A0X8FKH8.1/892-987	examples/PF18957
A0A0X8FKH8.1/1083-1158	examples/PF08428
A0A0X8FKH8.1/1162-1237	examples/PF08428
A0A0X8FKH8.1/1241-1316	examples/PF08428
A0A0X8FKH8.1/1320-1395	examples/PF08428
A0A0X8FKH8.1/1399-1474	examples/PF08428
A0A0X8FKH8.1/1478-1553	examples/PF08428
A0A0X8FKH8.1/1561-1639	examples/PF18938
A0A0X8FL11.1/597-681	examples/PF08428
A0A0X8FL11.1/686-773	examples/PF08428
A0A109RBX8.1/167-242	examples/PF08428
A0A109RBX8.1/377-490	examples/PF18957
A0A109RBX8.1/629-711	examples/PF08428
A0A109RBX8.1/839-922	examples/PF08428
A0A109RBX8.1/926-1025	examples/PF18957
A0A109RBX8.1/1124-1229	examples/PF18957
A0A109RBX8.1/1317-1390	examples/PF18938
A0A109RBX8.1/1477-1550	examples/PF18938
A0A109RBX8.1/1637-1710	examples/PF18938
A0A109RBX8.1/1797-1870	examples/PF18938
A0A109RBX8.1/1957-2030	examples/PF18938
A0A109RBX8.1/2117-2190	examples/PF18938
A0A109RBX8.1/2277-2350	examples/PF18938
A0A109RBX8.1/2437-2510	examples/PF18938
A0A109RBX8.1/2597-2670	examples/PF18938
A0A109RBX8.1/2757-2830	examples/PF18938
A0A109RBX8.1/2917-2990	examples/PF18938
A0A109RBX8.1/3077-3150	examples/PF18938
A0A109RBX8.1/3237-3310	examples/PF18938
A0A109RBX8.1/3397-3470	examples/PF18938
A0A109RBX8.1/3557-3630	examples/PF18938
A0A109RBX8.1/3717-3790	examples/PF18938
A0A109RBX8.1/3877-3950	examples/PF18938
A0A109RBX8.1/4037-4110	examples/PF18938
A0A109RD91.1/843-952	examples/PF18957
A0A109RD91.1/1997-2093	examples/PF18957
A0A120I8X7.1/6-77	examples/PF18938
A0A120I8X8.1/59-132	examples/PF18938
A0A120I8X8.1/219-292	examples/PF18938
A0A120IAN4.1/628-696	examples/PF18938
A0A120IAN4.1/695-791	examples/PF18957
A0A120IAN4.1/794-920	examples/PF18957
A0A120IAN4.1/923-1038	examples/PF18957
A0A120IAN4.1/1041-1152	examples/PF18957
A0A120IAN4.1/1155-1271	examples/PF18957
A0A120IAN4.1/1273-1357	examples/PF08428
A0A120IAN4.1/1567-1705	examples/PF18957
A0A127NSF1.1/79-178	examples/PF18957
A0A127NSF1.1/1721-1808	examples/PF18957
A0A127NSF1.1/1815-1915	examples/PF18957
A0A133LVM3.1/1008-1078	examples/PF18938
A0A133LVM3.1/1082-1153	examples/PF18938
A0A133LVM3.1/1157-1228	examples/PF18938
A0A133LVM3.1/1233-1303	examples/PF18938
A0A133LVM3.1/1307-1377	examples/PF18938
A0A133LVM3.1/1588-1665	examples/PF18938
A0A133LVM3.1/1673-1744	examples/PF18938
A0A133M1A5.1/19-86	examples/PF18938
A0A133PZF4.1/1-65	examples/PF08428
A0A133PZF4.1/67-150	examples/PF08428
A0A133PZF4.1/153-186	examples/PF08428
A0A133PZI0.1/1-38	examples/PF08428
A0A133PZI0.1/41-124	examples/PF08428
A0A133PZW3.1/909-992	examples/PF08428
A0A133PZW3.1/995-1077	examples/PF08428
A0A133PZW3.1/1079-1162	examples/PF08428
A0A133Q030.1/10-93	examples/PF08428
A0A133Q030.1/96-178	examples/PF08428
A0A133Q0X2.1/1-37	examples/PF08428
A0A133Q0X2.1/39-122	examples/PF08428
A0A133Q0X2.1/124-207	examples/PF08428
A0A133Q0X2.1/209-292	examples/PF08428
A0A133XWS8.1/373-481	examples/PF18938
A0A133YGG0.1/380-463	examples/PF18938
A0A133YNY2.1/445-515	examples/PF18938
A0A133YXE0.1/362-442	examples/PF08428
A0A133YXE0.1/566-647	examples/PF08428
A0A133YXE0.1/767-851	examples/PF08428
A0A133YXE0.1/851-942	examples/PF08428
A0A133YXE0.1/944-1035	examples/PF08428
A0A133YXE0.1/1037-1123	examples/PF08428
A0A133YXE0.1/1125-1210	examples/PF08428
A0A133YXE0.1/1212-1295	examples/PF08428
A0A133YXE0.1/1297-1383	examples/PF08428
A0A133YXE0.1/1385-1471	examples/PF08428
A0A133YXE0.1/1470-1550	examples/PF08428
A0A133YXE0.1/1548-1628	examples/PF08428
A0A133YXE0.1/1627-1703	examples/PF08428
A0A133YXE0.1/1702-1784	examples/PF08428
A0A133YXE0.1/1783-1860	examples/PF08428
A0A133YXE0.1/1859-1940	examples/PF08428
A0A133Z947.1/288-362	examples/PF18938
A0A133Z947.1/369-448	examples/PF18938
A0A133Z947.1/455-536	examples/PF18938
A0A133ZAB2.1/332-415	examples/PF18938
A0A133ZAB2.1/422-505	examples/PF18938
A0A133ZAB2.1/515-593	examples/PF18938
A0A133ZB05.1/509-599	examples/PF18957
A0A133ZB05.1/601-709	examples/PF18957
A0A133ZB05.1/710-808	examples/PF18957
A0A133ZB05.1/812-906	examples/PF18957
A0A133ZEX7.1/285-376	examples/PF18938
A0A133ZEX7.1/383-458	examples/PF18938
A0A133ZEX7.1/465-548	examples/PF18938
A0A133ZEX7.1/557-634	examples/PF18938
A0A133ZEX7.1/1489-1566	examples/PF18938
A0A133ZEX7.1/1571-1649	examples/PF18938
A0A133ZEX7.1/1735-1805	examples/PF18938
A0A133ZF98.1/21-93	examples/PF18938
A0A133ZHW9.1/575-674	examples/PF18957
A0A133ZK32.1/318-400	examples/PF18938
A0A133ZK32.1/407-488	examples/PF18938
A0A133ZK32.1/495-574	examples/PF18938
A0A133ZK32.1/582-662	examples/PF18938
A0A133ZK32.1/1596-1685	examples/PF08428
A0A133ZK32.1/1861-1948	examples/PF08428
A0A133ZK32.1/2227-2311	examples/PF08428
A0A133ZK32.1/2676-2756	examples/PF18938
A0A133ZK32.1/2761-2839	examples/PF18938
A0A133ZK32.1/2851-2923	examples/PF18938
A0A133ZK32.1/2933-3001	examples/PF18938
A0A133ZK32.1/3014-3082	examples/PF18938
A0A133ZK32.1/3092-3163	examples/PF18938
A0A133ZK32.1/3177-3250	examples/PF18938
A0A133ZLD6.1/202-275	examples/PF08428
A0A133ZTH5.1/338-412	examples/PF08428
A0A134AH44.1/1683-1767	examples/PF08428
A0A134AH44.1/1876-1964	examples/PF08428
A0A134AHG5.1/377-446	examples/PF18938
A0A134AKU8.1/331-412	examples/PF18938
A0A134AKV1.1/1056-1126	examples/PF18938
A0A134AKV1.1/1130-1201	examples/PF18938
A0A134AKV1.1/1205-1275	examples/PF18938
A0A134AKV1.1/1280-1351	examples/PF18938
A0A134AKV1.1/1358-1427	examples/PF18938
A0A134AKV1.1/1431-1507	examples/PF18938
A0A134AKZ8.1/321-399	examples/PF08428
A0A137SUC0.1/412-488	examples/PF18938
A0A137SUC8.1/199-281	examples/PF18957
A0A139N8D3.1/182-250	examples/PF18938
A0A139N8D3.1/253-321	examples/PF18938
A0A139NKA4.1/807-887	examples/PF08428
A0A139NKA4.1/1914-1992	examples/PF08428
A0A140DSN1.1/425-501	examples/PF08428
A0A150YLI5.1/107-197	examples/PF18957
A0A173LNA5.1/241-335	examples/PF18957
A0A1B1NXA3.1/698-789	examples/PF18957
A0A1B1NXA3.1/795-877	examples/PF08428
A0A1B1NXA3.1/880-963	examples/PF08428
A0A1B1NXA3.1/966-1049	examples/PF08428
A0A1B1NXA3.1/1052-1135	examples/PF08428
A0A1B1NXA3.1/1138-1221	examples/PF08428
A0A1B1NXN1.1/577-670	examples/PF18957
A0A1B1NXN1.1/674-767	examples/PF18957
A0A1B1NXN1.1/771-864	examples/PF18957
A0A1B1NXN1.1/868-961	examples/PF18957
A0A1B1NXU8.1/770-861	examples/PF18957
A0A1B1NXU8.1/866-949	examples/PF08428
A0A1B1NXU8.1/952-1035	examples/PF08428
A0A1B1NXU8.1/1038-1121	examples/PF08428
A0A1B1NXU8.1/1124-1207	examples/PF08428
A0A1B1NXU8.1/1210-1293	examples/PF08428
A0A1B1NXU8.1/1296-1379	examples/PF08428
A0A1B1NXU8.1/1382-1465	examples/PF08428
A0A1B1NXU8.1/1468-1551	examples/PF08428
A0A1B1NXU8.1/1554-1637	examples/PF08428
A0A1B1NXU8.1/1640-1723	examples/PF08428
A0A1B1NXU8.1/1726-1809	examples/PF08428
A0A1B1NXU8.1/1812-1895	examples/PF08428
A0A1E9ADN7.1/832-918	examples/PF08428
A0A1F0QQ13.1/394-478	examples/PF18938
A0A1F0QUE5.1/513-606	examples/PF18957
A0A1F0QUE5.1/608-718	examples/PF18957
A0A1F0QUE5.1/720-818	examples/PF18957
A0A1F0QUE5.1/824-939	examples/PF18957
A0A1F1BT13.1/1051-1121	examples/PF18938
A0A1F1UNJ6.1/17-105	examples/PF18957
A0A1F1UPR6.1/725-822	examples/PF18957
A0A1F1UPR6.1/921-1007	examples/PF18957
A0A1F1UPT5.1/624-735	examples/PF18957
A0A1F1UPT5.1/738-846	examples/PF18957
A0A1F1UPT5.1/982-1057	examples/PF08428
A0A1F1UPT5.1/1059-1134	examples/PF08428
A0A1F1UPT5.1/1153-1228	examples/PF08428
A0A1F1UPT5.1/1232-1307	examples/PF08428
A0A1F1UPU5.1/665-767	examples/PF18957
A0A1F1UPU5.1/1214-1308	examples/PF18957
A0A1F1UPU5.1/1313-1405	examples/PF18957
A0A1F1UPU5.1/1413-1504	examples/PF18957
A0A1F1UQ66.1/551-663	examples/PF18957
A0A1F1UQ66.1/696-795	examples/PF18957
A0A1F1UQ66.1/799-903	examples/PF18957
A0A1F1UR01.1/235-333	examples/PF18957
A0A1F1UR01.1/339-432	examples/PF18957
A0A1F1UR01.1/521-611	examples/PF18957
A0A1F1URQ6.1/21-115	examples/PF18957
A0A1F1UT34.1/133-220	examples/PF18957
A0A1F1UU82.1/213-311	examples/PF18957
A0A1F1UU82.1/316-407	examples/PF18957
A0A1F1UU82.1/415-505	examples/PF18957
A0A1F1UU82.1/509-599	examples/PF18957
A0A1F1UVA4.1/43-132	examples/PF18957
A0A1F1UVA4.1/139-228	examples/PF18957
A0A1F1UVA4.1/242-331	examples/PF18957
A0A1F1UVA4.1/334-429	examples/PF18957
A0A1F1UVA4.1/436-525	examples/PF18957
A0A1F1UVA4.1/632-722	examples/PF18957
A0A1F1UVA4.1/753-843	examples/PF18957
A0A1F1UVN3.1/130-220	examples/PF18957
A0A1F1UVN3.1/240-338	examples/PF18957
A0A1F1UVN3.1/342-435	examples/PF18957
A0A1F1UVN3.1/442-530	examples/PF18957
A0A1F1UVZ4.1/806-881	examples/PF08428
A0A1F1UW40.1/452-550	examples/PF18957
A0A1F1UW40.1/555-647	examples/PF18957
A0A1F1UW40.1/653-745	examples/PF18957
A0A1F1UW40.1/750-841	examples/PF18957
A0A1F1UW40.1/847-930	examples/PF18957
A0A1F1UW40.1/937-1031	examples/PF18957
A0A1F1UW42.1/735-831	examples/PF18957
A0A1F1UW42.1/837-923	examples/PF18957
A0A1F1UW42.1/928-1019	examples/PF18957
A0A1F1UX83.1/152-241	examples/PF18957
A0A1F1UXN9.1/343-438	examples/PF18957
A0A1F1UXN9.1/442-535	examples/PF18957
A0A1F1UXN9.1/536-625	examples/PF18957
A0A1F1UXN9.1/627-728	examples/PF18957
A0A1F1UXR9.1/331-428	examples/PF18957
A0A1F1UXR9.1/432-525	examples/PF18957
A0A1F1UXR9.1/530-624	examples/PF18957
A0A1F1UXR9.1/734-824	examples/PF18957
A0A1F1UXR9.1/832-921	examples/PF18957
A0A1F1UXS4.1/1230-1326	examples/PF18957
A0A1F1UXS4.1/1331-1423	examples/PF18957
A0A1F1UXS4.1/1429-1517	examples/PF18957
A0A1F1UXS4.1/1520-1610	examples/PF18957
A0A1F1UXV1.1/436-536	examples/PF18957
A0A1F1UXV1.1/537-641	examples/PF18957
A0A1F1UXV1.1/648-736	examples/PF18957
A0A1F1UXV1.1/740-844	examples/PF18957
A0A1F1UXV1.1/848-943	examples/PF18957
A0A1F1UXV1.1/1180-1272	examples/PF18957
A0A1F1UXV1.1/1275-1362	examples/PF18957
A0A1F1UXX7.1/515-604	examples/PF18957
A0A1F1UXX7.1/606-716	examples/PF18957
A0A1F1UXX7.1/714-814	examples/PF18957
A0A1F1UXX7.1/819-912	examples/PF18957
A0A1F1V0D9.1/443-539	examples/PF18957
A0A1F1V0D9.1/544-631	examples/PF18957
A0A1F1V0D9.1/667-746	examples/PF18957
A0A1F1V0D9.1/749-843	examples/PF18957
A0A1F1V0D9.1/947-1031	examples/PF18957
A0A1F1V1P7.1/795-870	examples/PF08428
A0A1F1V1P7.1/872-947	examples/PF08428
A0A1F1V1P7.1/992-1067	examples/PF08428
A0A1F1V1P7.1/1071-1146	examples/PF08428
A0A1F3NU89.1/318-366	examples/PF08428
A0A1G4RN98.1/115-190	examples/PF08428
A0A1G6UCF9.1/1783-1855	examples/PF08428
A0A1G6WQZ3.1/153-233	examples/PF08428
A0A1G6WQZ3.1/237-310	examples/PF08428
A0A1G6WQZ3.1/315-387	examples/PF08428
A0A1G6XM31.1/332-392	examples/PF08428
A0A1G6XNU0.1/510-585	examples/PF08428
A0A1G6ZTQ3.1/755-857	examples/PF18957
A0A1G7PC20.1/337-410	examples/PF08428
A0A1G7UFP4.1/807-884	examples/PF08428
A0A1G7UFP4.1/890-972	examples/PF08428
A0A1G7UFP4.1/974-1057	examples/PF08428
A0A1G7UFP4.1/1062-1145	examples/PF08428
A0A1G7UYD9.1/1-27	examples/PF08428
A0A1G7UYD9.1/32-115	examples/PF08428
A0A1G7UYD9.1/120-203	examples/PF08428
A0A1G7UYD9.1/210-293	examples/PF08428
A0A1G7UYD9.1/300-383	examples/PF08428
A0A1G7UYD9.1/390-473	examples/PF08428
A0A1G8LDH8.1/108-182	examples/PF08428
A0A1G8LDH8.1/187-265	examples/PF08428
A0A1G8LDH8.1/273-344	examples/PF18938
A0A1G8LDH8.1/348-423	examples/PF08428
A0A1G8LDH8.1/427-502	examples/PF08428
A0A1G8LDH8.1/506-584	examples/PF08428
A0A1G8LDH8.1/592-662	examples/PF18938
A0A1G8LDH8.1/666-741	examples/PF08428
A0A1G8LDH8.1/745-823	examples/PF08428
A0A1G8LDH8.1/828-921	examples/PF18957
A0A1G8LJG6.1/675-755	examples/PF08428
A0A1G8LJG6.1/759-834	examples/PF08428
A0A1G8LJG6.1/836-913	examples/PF08428
A0A1G8LJG6.1/918-992	examples/PF08428
A0A1G8LJG6.1/1000-1072	examples/PF18938
A0A1G8LJG6.1/1074-1149	examples/PF08428
A0A1G8LJG6.1/1157-1229	examples/PF18938
A0A1G8LJG6.1/1231-1306	examples/PF08428
A0A1G8LJG6.1/1314-1385	examples/PF18938
A0A1G8LJG6.1/1388-1464	examples/PF08428
A0A1G8LJG6.1/1590-1662	examples/PF18938
A0A1G8NN19.1/693-797	examples/PF18957
A0A1G8PL73.1/645-742	examples/PF18957
A0A1G8PL73.1/834-917	examples/PF08428
A0A1G8PVB2.1/34-128	examples/PF18957
A0A1G8PVB2.1/132-216	examples/PF08428
A0A1G8PVB2.1/538-621	examples/PF08428
A0A1G8PWQ3.1/28-112	examples/PF08428
A0A1G8Q4Y2.1/1-74	examples/PF08428
A0A1G8Q4Y2.1/77-160	examples/PF08428
A0A1G8Q4Y2.1/165-248	examples/PF08428
A0A1G8Q4Y2.1/252-335	examples/PF08428
A0A1H1VE77.1/290-365	examples/PF08428
A0A1H1VE77.1/367-443	examples/PF08428
A0A1H1VE77.1/448-525	examples/PF08428
A0A1H1VE77.1/524-599	examples/PF08428
A0A1H1VEB4.1/448-524	examples/PF08428
A0A1H8GJJ5.1/692-774	examples/PF08428
A0A1H9IEB8.1/129-214	examples/PF08428
A0A1H9IEB8.1/216-294	examples/PF08428
A0A1H9IEB8.1/301-379	examples/PF08428
A0A1H9IEB8.1/382-460	examples/PF08428
A0A1H9KEF2.1/697-774	examples/PF08428
A0A1H9QMI9.1/68-165	examples/PF18957
A0A1H9TFF4.1/539-639	examples/PF18957
A0A1H9TFF4.1/643-745	examples/PF18957
A0A1H9WQZ0.1/1-32	examples/PF08428
A0A1I2AHG4.1/293-366	examples/PF18938
A0A1I2AHG4.1/371-442	examples/PF18938
A0A1I2AHG4.1/447-491	examples/PF18938
A0A1I2TRM2.1/24-118	examples/PF08428
A0A1I2TRM2.1/244-323	examples/PF08428
A0A1I2TRM2.1/345-431	examples/PF08428
A0A1L7D0E3.1/732-808	examples/PF08428
A0A1L7D0E3.1/809-884	examples/PF08428
A0A1L7D0E3.1/889-962	examples/PF08428
A0A1L7D0E3.1/963-1040	examples/PF08428
A0A1L7D0E3.1/1058-1131	examples/PF08428
A0A1L7D0J0.1/176-252	examples/PF08428
A0A1L7D0J0.1/257-333	examples/PF08428
A0A1L7D0J0.1/340-421	examples/PF08428
A0A1L7D0J0.1/426-503	examples/PF08428
A0A1L7D0J0.1/507-580	examples/PF08428
A0A1L7D0K3.1/543-644	examples/PF18957
A0A1L7D0K3.1/650-746	examples/PF18957
A0A1L7D0K3.1/1175-1275	examples/PF18957
A0A1L7D0K3.1/1280-1375	examples/PF18957
A0A1L7D0K3.1/1380-1473	examples/PF18957
A0A1L7D0Z8.1/36-127	examples/PF18957
A0A1L7D108.1/552-645	examples/PF18957
A0A1L7D108.1/652-753	examples/PF18957
A0A1L7D5Y0.1/296-401	examples/PF18957
A0A1L8WPD5.1/257-331	examples/PF08428
A0A1Q3GI87.1/221-279	examples/PF08428
A0A1Q5PS92.1/497-581	examples/PF18957
A0A1Q5PS92.1/606-706	examples/PF18957
A0A1Q5PT64.1/1-27	examples/PF08428
A0A1Q5PT64.1/124-215	examples/PF18957
A0A1Q5PZP4.1/594-682	examples/PF18957
A0A1Q5PZP4.1/721-825	examples/PF18957
A0A1Q8E7V0.1/255-323	examples/PF18938
A0A1Q8E7V0.1/542-618	examples/PF08428
A0A1Q8E7V0.1/621-697	examples/PF08428
A0A1Q8E7V0.1/700-776	examples/PF08428
A0A1Q8E7V0.1/779-855	examples/PF08428
A0A1Q8E803.1/1495-1573	examples/PF08428
A0A1Q8E803.1/1578-1656	examples/PF08428
A0A1Q8E803.1/1663-1741	examples/PF08428
A0A1Q8E803.1/1746-1824	examples/PF08428
A0A1Q8E803.1/1828-1903	examples/PF08428
A0A1Q8E8C7.1/693-794	examples/PF18957
A0A1Q8E8C7.1/800-901	examples/PF18957
A0A1Q8E8C7.1/905-1001	examples/PF18957
A0A1Q8E8C7.1/1005-1107	examples/PF18957
A0A1T4UFY5.1/369-468	examples/PF18957
A0A1U7M003.1/1096-1166	examples/PF08428
A0A1U7M003.1/2302-2385	examples/PF08428
A0A1U7M102.1/90-161	examples/PF08428
A0A1V1YZQ7.1/1018-1093	examples/PF18938
A0A1V2SNR1.1/450-522	examples/PF08428
A0A1V2SNR1.1/531-603	examples/PF18938
A0A1V2SNR1.1/621-695	examples/PF08428
A0A1V2SNW4.1/113-182	examples/PF18938
A0A1V2SNW8.1/1236-1310	examples/PF08428
A0A1V2SNX8.1/377-449	examples/PF08428
A0A1V2SNX8.1/453-525	examples/PF08428
A0A1V2SNX8.1/529-601	examples/PF08428
A0A1V2SNX8.1/605-677	examples/PF08428
A0A1V2SNX8.1/681-753	examples/PF08428
A0A1V2SNX8.1/757-829	examples/PF08428
A0A1V2SNX8.1/833-905	examples/PF08428
A0A1V2SNX8.1/909-981	examples/PF08428
A0A1V2SNX8.1/985-1057	examples/PF08428
A0A1V2SNX8.1/1061-1133	examples/PF08428
A0A1V2SNX8.1/1137-1209	examples/PF08428
A0A1V2SNX8.1/1213-1285	examples/PF08428
A0A1V2SNX8.1/1289-1361	examples/PF08428
A0A1V2SNX8.1/1365-1437	examples/PF08428
A0A1V2SNX8.1/1441-1513	examples/PF08428
A0A1V2SNX8.1/1517-1589	examples/PF08428
A0A1V2SNX8.1/1593-1665	examples/PF08428
A0A1V2SNX8.1/1669-1741	examples/PF08428
A0A1V2SP76.1/839-941	examples/PF18957
A0A1V2SP76.1/947-1048	examples/PF18957
A0A1V2SP76.1/1052-1153	examples/PF18957
A0A1V2SP76.1/1161-1262	examples/PF18957
A0A1V2SPR8.1/577-655	examples/PF08428
A0A1W1UCR0.1/198-270	examples/PF08428
A0A1W1UCR0.1/274-346	examples/PF08428
A0A1W1UCR0.1/357-430	examples/PF08428
A0A1W1UCR0.1/432-504	examples/PF08428
A0A1W1UCR0.1/518-586	examples/PF08428
A0A1W1VHZ9.1/363-432	examples/PF18957
A0A1W1VHZ9.1/428-475	examples/PF18957
A0A1W1VK93.1/639-726	examples/PF08428
A0A1W1VK93.1/1098-1177	examples/PF18938
A0A1W1VK93.1/1182-1252	examples/PF18938
A0A1W1VK93.1/1262-1333	examples/PF18938
A0A1W1VK93.1/1343-1411	examples/PF18938
A0A1W1VK93.1/1424-1492	examples/PF18938
A0A1W1VK93.1/1499-1570	examples/PF18938
A0A1W1VK93.1/1585-1656	examples/PF18938
A0A1W1VKP1.1/290-366	examples/PF18938
A0A1W1VKP1.1/373-450	examples/PF18938
A0A1W1VKP1.1/457-532	examples/PF18938
A0A1W1VKP1.1/539-614	examples/PF18938
A0A239SMH4.1/657-765	examples/PF18957
A0A239SMH4.1/767-851	examples/PF08428
A0A239SMH4.1/854-952	examples/PF18957
A0A239SMH4.1/1212-1287	examples/PF08428
A0A239SMH4.1/1291-1366	examples/PF08428
A0A239SMH4.1/1370-1445	examples/PF08428
A0A239SPG6.1/1251-1325	examples/PF08428
A0A239TIM8.1/741-824	examples/PF08428
A0A239TIM8.1/827-909	examples/PF08428
A0A239TIM8.1/912-994	examples/PF08428
A0A239TIM8.1/996-1079	examples/PF08428
A0A239TIM8.1/1082-1164	examples/PF08428
A0A239TIM8.1/1166-1249	examples/PF08428
A0A239TIM8.1/1252-1334	examples/PF08428
A0A239TIM8.1/1336-1419	examples/PF08428
A0A239TIM8.1/1422-1504	examples/PF08428
A0A239TIM8.1/1506-1589	examples/PF08428
A0A239TIM8.1/1592-1674	examples/PF08428
A0A239TIM8.1/1676-1759	examples/PF08428
A0A239TIM8.1/1762-1845	examples/PF08428
A0A239TIM8.1/1849-1942	examples/PF18957
A0A291JGG1.1/578-661	examples/PF08428
A0A291JGG1.1/664-747	examples/PF08428
A0A291JGG1.1/750-833	examples/PF08428
A0A291JGG1.1/837-930	examples/PF18957
A0A2A1ZZK5.1/604-701	examples/PF18957
A0A2A1ZZK5.1/706-796	examples/PF18957
A0A2A2A0J5.1/141-231	examples/PF18957
A0A2A2A165.1/307-403	examples/PF18957
A0A2A2A165.1/692-780	examples/PF18957
A0A2A2A1I1.1/490-596	examples/PF18957
A0A2A2A1I1.1/610-697	examples/PF18957
A0A2A2A1I1.1/701-794	examples/PF18957
A0A2A2A1I1.1/812-903	examples/PF18957
A0A2A2A1I1.1/906-1002	examples/PF18957
A0A2A2A1I1.1/1078-1169	examples/PF18957
A0A2A2A1I1.1/1175-1269	examples/PF18957
A0A2A2A1I1.1/1297-1388	examples/PF18957
A0A2A2A1I1.1/1424-1519	examples/PF18957
A0A2A2A1M9.1/3-50	examples/PF18957
A0A2A2A1M9.1/54-139	examples/PF18957
A0A2A2A200.1/402-519	examples/PF18957
A0A2A2A200.1/526-622	examples/PF18957
A0A2A2A200.1/623-727	examples/PF18957
A0A2A2A200.1/733-824	examples/PF18957
A0A2A2A200.1/828-932	examples/PF18957
A0A2A2A200.1/936-1033	examples/PF18957
A0A2A2A200.1/1037-1136	examples/PF18957
A0A2A2A200.1/1141-1256	examples/PF18957
A0A2A2A200.1/2200-2288	examples/PF18957
A0A2A2A2C6.1/656-754	examples/PF18957
A0A2A2A2C6.1/759-851	examples/PF18957
A0A2A2A2C6.1/857-945	examples/PF18957
A0A2A2A2C6.1/939-1028	examples/PF18957
A0A2A2A305.1/1-33	examples/PF08428
A0A2A2A305.1/36-114	examples/PF08428
A0A2A2A305.1/117-192	examples/PF08428
A0A2A2A305.1/195-273	examples/PF08428
A0A2A2A305.1/276-351	examples/PF08428
A0A2A2A305.1/354-432	examples/PF08428
A0A2A2A305.1/435-510	examples/PF08428
A0A2A2A305.1/513-591	examples/PF08428
A0A2A2A305.1/594-669	examples/PF08428
A0A2A2A305.1/672-759	examples/PF08428
A0A2A2A305.1/762-837	examples/PF08428
A0A2A2A4H8.1/192-291	examples/PF18957
A0A2A2A4H8.1/296-388	examples/PF18957
A0A2A2A6E6.1/440-518	examples/PF08428
A0A2A2A6E6.1/521-573	examples/PF08428
A0A2A2ED58.1/760-855	examples/PF18957
A0A2A2ED58.1/858-952	examples/PF18957
A0A2A2EK86.1/723-819	examples/PF18957
A0A2A2W6K7.1/486-562	examples/PF18957
A0A2A9DME3.1/514-600	examples/PF18957
A0A2A9DME3.1/601-704	examples/PF18957
A0A2A9DME3.1/710-802	examples/PF18957
A0A2A9DME3.1/806-911	examples/PF18957
A0A2A9DME3.1/915-1008	examples/PF18957
A0A2A9DME3.1/1012-1102	examples/PF18957
A0A2A9DME3.1/1106-1226	examples/PF18957
A0A2A9DME3.1/1596-1688	examples/PF18957
A0A2A9DP31.1/803-909	examples/PF18957
A0A2A9DQH1.1/564-650	examples/PF18957
A0A2A9DQH1.1/753-838	examples/PF18957
A3CM52.1/375-445	examples/PF18938
A4VSQ8.1/648-725	examples/PF18938
A6CD17.1/449-547	examples/PF18957
A8AWU7.1/377-447	examples/PF18938
B0RZL9.1/1700-1780	examples/PF08428
B0S0B2.1/716-814	examples/PF18957
B0S0B2.1/907-982	examples/PF08428
B0S0B2.1/990-1062	examples/PF08428
B0S0B2.1/1065-1139	examples/PF08428
B0S0B2.1/1146-1219	examples/PF08428
B0S0B2.1/1222-1296	examples/PF08428
B0S0B2.1/1304-1376	examples/PF08428
B0S0B2.1/1379-1453	examples/PF08428
B0S0B2.1/1461-1533	examples/PF08428
B0S0B2.1/1536-1603	examples/PF08428
B0S330.1/137-238	examples/PF18957
B0S330.1/1120-1210	examples/PF18957
B1VFB3.1/509-601	examples/PF18957
B1VFB3.1/603-712	examples/PF18957
B1VFB3.1/711-809	examples/PF18957
B1VFB3.1/814-907	examples/PF18957
B1VJ22.1/634-738	examples/PF18957
B1VJ22.1/771-868	examples/PF18957
B1VJ22.1/873-975	examples/PF18957
B1VJ22.1/1008-1105	examples/PF18957
B1VJ22.1/1109-1212	examples/PF18957
B1VJ22.1/1429-1529	examples/PF18957
B1VJ22.1/1575-1675	examples/PF18957
B6W6V0.1/153-222	examples/PF18938
B6WAK7.1/461-574	examples/PF18938
B9XDJ7.1/898-989	examples/PF18957
C0W211.1/1927-2038	examples/PF18957
C0W211.1/2183-2316	examples/PF18957
C0W416.1/2-102	examples/PF18957
C0W468.1/547-658	examples/PF18957
C0W5J1.1/2-85	examples/PF18957
C0W7U1.1/1-97	examples/PF18957
C2BEB2.1/1517-1598	examples/PF08428
C2BEB2.1/2687-2766	examples/PF08428
C2BEB2.1/2871-2956	examples/PF08428
C2BEV8.1/1126-1196	examples/PF18938
C2BEV8.1/1200-1271	examples/PF18938
C2BEV8.1/1275-1345	examples/PF18938
C2BEV8.1/1350-1420	examples/PF18938
C2BEV8.1/1427-1496	examples/PF18938
C2BEV8.1/1500-1576	examples/PF18938
C2BEV8.1/1577-1647	examples/PF18938
C2BEV8.1/1649-1719	examples/PF18938
C2BEV8.1/1752-1819	examples/PF18938
C2BEV8.1/1822-1890	examples/PF18938
C2BEV8.1/1893-1961	examples/PF18938
C2BEV9.1/121-189	examples/PF18938
C2BHK5.1/431-514	examples/PF18938
C2BHK5.1/1061-1128	examples/PF18938
C2CF26.1/1186-1256	examples/PF18938
C2CF26.1/1260-1331	examples/PF18938
C2CF26.1/1335-1406	examples/PF18938
C2CF26.1/1411-1483	examples/PF18938
C2CF26.1/1490-1563	examples/PF18938
C2CF26.1/1775-1870	examples/PF18957
C2CHF4.1/389-468	examples/PF08428
C2CKK9.1/64-142	examples/PF08428
C2CPX3.1/663-760	examples/PF18957
C2CPX3.1/770-867	examples/PF18957
C2EQF6.1/122-194	examples/PF08428
C2EQF6.1/200-284	examples/PF08428
C2EQF6.1/297-385	examples/PF08428
C2EQF6.1/389-468	examples/PF08428
C2EQF6.1/478-572	examples/PF08428
C2EQF6.1/671-748	examples/PF08428
C2EQF6.1/750-831	examples/PF08428
C2EQF6.1/926-1009	examples/PF08428
C2EQF6.1/1024-1109	examples/PF08428
C2EQF6.1/1111-1195	examples/PF08428
C2GE53.1/43-118	examples/PF08428
C2GE53.1/641-725	examples/PF18957
C2GE55.1/463-538	examples/PF08428
C2GE55.1/541-633	examples/PF18957
C2GE56.1/534-628	examples/PF18957
C2GER8.1/58-165	examples/PF18957
C2GES0.1/1209-1308	examples/PF18957
C2GFD0.1/454-552	examples/PF18957
C2GFD0.1/554-657	examples/PF18957
C2GFD0.1/662-752	examples/PF18957
C2GFD0.1/756-860	examples/PF18957
C2GFD0.1/864-959	examples/PF18957
C2GFD0.1/963-1079	examples/PF18957
C2GFD0.1/1512-1605	examples/PF18957
C2GFD0.1/1611-1698	examples/PF18957
C2GFD0.1/1718-1805	examples/PF18957
C2GFN0.1/783-893	examples/PF18957
C2GFN0.1/899-999	examples/PF18957
C2GFN0.1/1006-1105	examples/PF18957
C2GFN0.1/1111-1205	examples/PF18957
C2GFN0.1/1208-1309	examples/PF18957
C2GFN0.1/1315-1408	examples/PF18957
C2GFN0.1/1414-1514	examples/PF18957
C2GFN0.1/1520-1612	examples/PF18957
C2GFN0.1/1623-1715	examples/PF18957
C2GFN0.1/1722-1819	examples/PF18957
C2GFN0.1/1830-1926	examples/PF18957
C2GFN0.1/1935-2034	examples/PF18957
C2GFN0.1/2040-2139	examples/PF18957
C2GFN0.1/2143-2240	examples/PF18957
C2GFN0.1/2251-2354	examples/PF18957
C2GFN0.1/2362-2462	examples/PF18957
C2GFN0.1/2464-2533	examples/PF18957
C2GFN0.1/2553-2651	examples/PF18957
C2GGR8.1/712-798	examples/PF18957
C2GGR8.1/802-894	examples/PF18957
C2GGR8.1/898-987	examples/PF18957
C2GGR8.1/991-1082	examples/PF18957
C2GGR8.1/1087-1178	examples/PF18957
C2GGR8.1/1186-1272	examples/PF18957
C2GGR8.1/1276-1366	examples/PF18957
C2GGR8.1/1370-1456	examples/PF18957
C2GGR8.1/1464-1551	examples/PF18957
C2GGR8.1/1556-1647	examples/PF18957
C2GGR8.1/1651-1738	examples/PF18957
C2GGR8.1/1742-1834	examples/PF18957
C2GGR8.1/1839-1942	examples/PF18957
C2GJ69.1/184-273	examples/PF18957
C2GJ69.1/378-471	examples/PF18957
C2GJ69.1/491-585	examples/PF18957
C2GJ69.1/672-766	examples/PF18957
C2GJI2.1/2-76	examples/PF08428
C2GL54.1/988-1067	examples/PF18957
C2GL54.1/1201-1293	examples/PF18957
C2GL54.1/1294-1385	examples/PF18957
C2GL54.1/1389-1478	examples/PF18957
C2GL58.1/757-860	examples/PF18957
C2GL58.1/1054-1148	examples/PF18957
C2GL59.1/39-127	examples/PF18957
C3PFJ9.1/143-236	examples/PF18957
C3PFJ9.1/238-348	examples/PF18957
C3PFJ9.1/350-447	examples/PF18957
C3PFJ9.1/454-568	examples/PF18957
C5NVD3.1/573-648	examples/PF08428
C5NVD3.1/853-928	examples/PF08428
C5NVD3.1/1021-1096	examples/PF08428
C5NVD3.1/1189-1264	examples/PF08428
C5NVD3.1/1267-1356	examples/PF18957
C5NVD3.1/1360-1449	examples/PF18957
C5NVD3.1/1453-1542	examples/PF18957
C5NVD4.1/2-64	examples/PF18957
C5NVX2.1/463-542	examples/PF18938
C5NVX2.1/537-617	examples/PF08428
C5NVX2.1/799-876	examples/PF08428
C5NVX2.1/878-956	examples/PF08428
C5NVX2.1/1065-1140	examples/PF08428
C5NVX2.1/1142-1220	examples/PF08428
C5NVX2.1/1328-1401	examples/PF08428
C5NVX2.1/1402-1476	examples/PF08428
C5NXX1.1/703-783	examples/PF08428
C5NY12.1/1700-1769	examples/PF08428
C5NY12.1/2335-2408	examples/PF08428
C5NY12.1/2409-2478	examples/PF08428
C5NY12.1/2479-2548	examples/PF08428
C5NY12.1/2615-2687	examples/PF08428
C5NY12.1/2756-2831	examples/PF08428
C5NY12.1/2836-2911	examples/PF08428
C7HVF1.1/142-213	examples/PF18938
C7HWR6.1/733-805	examples/PF18938
C7HWR6.1/818-885	examples/PF18938
C7XTP8.1/401-455	examples/PF08428
C7XWY8.1/474-557	examples/PF08428
C7XWY8.1/639-714	examples/PF08428
C7XXP2.1/635-738	examples/PF18957
C7XXP2.1/953-1044	examples/PF18957
C8PC75.1/522-611	examples/PF08428
C8PC75.1/613-695	examples/PF08428
C8PC75.1/900-990	examples/PF08428
C8PC75.1/1108-1195	examples/PF08428
C8PC75.1/1313-1398	examples/PF08428
C8PC75.1/1402-1492	examples/PF08428
C8PC75.1/1499-1579	examples/PF08428
C8PC75.1/1582-1670	examples/PF08428
C8PC75.1/1673-1758	examples/PF08428
C8PC75.1/1760-1843	examples/PF08428
C8PC75.1/1849-1938	examples/PF08428
C8PC75.1/1940-2023	examples/PF08428
C8PC75.1/2024-2097	examples/PF08428
C8PC75.1/2096-2174	examples/PF08428
C8PC75.1/2175-2246	examples/PF08428
C8PC75.1/2245-2315	examples/PF08428
C8PC75.1/2323-2400	examples/PF08428
C8PC75.1/2399-2476	examples/PF08428
C8PCN2.1/183-258	examples/PF08428
C8PCN2.1/393-506	examples/PF18957
C8PCN2.1/645-727	examples/PF08428
C8PCN2.1/855-938	examples/PF08428
C8PCN2.1/942-1041	examples/PF18957
C8PCN2.1/1140-1245	examples/PF18957
C8PDF1.1/1301-1380	examples/PF08428
C8PDF1.1/1954-2034	examples/PF08428
D0BLA1.2/233-306	examples/PF08428
D0BLD3.2/610-698	examples/PF18938
D0BNQ5.1/1142-1210	examples/PF08428
D0BNQ5.1/1212-1280	examples/PF08428
D0BNQ5.1/1279-1348	examples/PF08428
D0BNQ5.1/1606-1675	examples/PF08428
D0BNQ5.1/1745-1820	examples/PF08428
D0BNQ6.1/1084-1155	examples/PF08428
D0BNQ6.1/1225-1293	examples/PF08428
D0BNQ6.1/1724-1797	examples/PF08428
D0BNQ6.1/1798-1867	examples/PF08428
D0BNQ6.1/1868-1937	examples/PF08428
D0BNQ6.1/1938-2006	examples/PF08428
D0BNQ7.2/1-69	examples/PF08428
D0BNQ7.2/70-146	examples/PF08428
D0BNQ7.2/147-221	examples/PF08428
D0BNQ7.2/222-298	examples/PF08428
D0BNQ7.2/299-373	examples/PF08428
D0BNQ7.2/374-451	examples/PF08428
D0BNQ7.2/452-529	examples/PF08428
D0BNQ7.2/532-600	examples/PF18938
D0BNQ8.2/550-630	examples/PF08428
D0BNQ8.2/853-929	examples/PF08428
D0BNQ8.2/931-1009	examples/PF08428
D0BNQ8.2/1118-1193	examples/PF08428
D0BNQ8.2/1195-1277	examples/PF08428
D0BNQ8.2/1383-1456	examples/PF08428
D0BNQ8.2/1457-1533	examples/PF08428
D1VRX0.1/3742-3814	examples/PF08428
D1VRX0.1/3920-4006	examples/PF08428
D1VRY5.1/424-475	examples/PF18957
D1VVL9.1/222-294	examples/PF08428
D2NSY6.1/358-445	examples/PF18957
D4YJM7.1/499-594	examples/PF18957
D4YJM7.1/595-698	examples/PF18957
D4YJM7.1/700-797	examples/PF18957
D4YJM7.1/801-895	examples/PF18957
D5H106.1/668-732	examples/PF18938
D5H106.1/743-819	examples/PF18938
D5H106.1/825-901	examples/PF18938
D5H106.1/907-983	examples/PF18938
D5H106.1/1223-1299	examples/PF18938
D5H106.1/1305-1381	examples/PF18938
D5H106.1/1391-1463	examples/PF18938
D5H106.1/1473-1545	examples/PF18938
D5H106.1/1555-1627	examples/PF18938
D5H106.1/1637-1709	examples/PF18938
D5H106.1/1719-1791	examples/PF18938
D6S3U4.1/892-978	examples/PF08428
D6S3U4.1/979-1066	examples/PF08428
D6S3U4.1/1067-1147	examples/PF08428
D6S3U4.1/1148-1233	examples/PF08428
D6S3U4.1/1238-1318	examples/PF08428
D6S3U4.1/1319-1406	examples/PF08428
D6S3U4.1/1411-1488	examples/PF08428
D6S3U4.1/1490-1568	examples/PF08428
D6S3U4.1/1599-1671	examples/PF08428
D6S3U4.1/1672-1760	examples/PF08428
D6S3U4.1/1761-1854	examples/PF08428
D6S3U4.1/1855-1946	examples/PF08428
D6S3U4.1/1949-2035	examples/PF08428
D6S3U4.1/2036-2115	examples/PF08428
D6S3U4.1/2212-2295	examples/PF08428
D6S3U4.1/2297-2380	examples/PF08428
D6S3U4.1/2382-2464	examples/PF08428
D6S3U4.1/2466-2548	examples/PF08428
D6S3U4.1/2550-2632	examples/PF08428
D6S3U4.1/2634-2716	examples/PF08428
D6S3U4.1/2718-2801	examples/PF08428
D6S5D2.1/1-65	examples/PF18938
D6S5D3.1/1174-1245	examples/PF18938
D6S5D3.1/1321-1388	examples/PF18938
D6S5D3.1/1479-1548	examples/PF18938
D6S5D3.1/1622-1690	examples/PF18938
D6S5D3.1/1766-1839	examples/PF18938
D6S5D4.1/145-214	examples/PF18938
D6S5D4.1/362-430	examples/PF18938
D6S5D4.1/444-516	examples/PF18938
D6S5D4.1/530-599	examples/PF18938
D6S5D4.1/616-688	examples/PF18938
D6S5D4.1/702-774	examples/PF18938
D6S5D4.1/788-860	examples/PF18938
D6S5D4.1/874-944	examples/PF18938
D6S602.1/1439-1518	examples/PF08428
D6S603.1/749-821	examples/PF18938
D6S603.1/825-893	examples/PF18938
D6S603.1/972-1046	examples/PF18938
D6S603.1/1045-1117	examples/PF18938
D6S603.1/1183-1255	examples/PF18938
D6S603.1/1256-1333	examples/PF18938
D6S603.1/1488-1559	examples/PF18938
D6S603.1/1651-1723	examples/PF18938
D6S603.1/1729-1802	examples/PF18938
D6S603.1/1869-1948	examples/PF18938
D6S603.1/1945-2018	examples/PF08428
D6S603.1/2019-2090	examples/PF08428
D6S603.1/2091-2171	examples/PF08428
D6S603.1/2173-2248	examples/PF08428
D6S603.1/2249-2324	examples/PF08428
D6S603.1/2326-2405	examples/PF08428
D6S603.1/2406-2484	examples/PF08428
D6S603.1/2489-2558	examples/PF18938
D6S603.1/2572-2641	examples/PF18938
D6S603.1/2655-2724	examples/PF18938
D6S603.1/2738-2807	examples/PF18938
D6S603.1/2821-2890	examples/PF18938
D6S603.1/2905-2973	examples/PF18938
D6S603.1/2990-3056	examples/PF18938
D6S603.1/3073-3139	examples/PF18938
D6S603.1/3156-3222	examples/PF18938
D6S603.1/3239-3305	examples/PF18938
D6S603.1/3320-3388	examples/PF18938
D6S603.1/3405-3471	examples/PF18938
D6S603.1/3488-3554	examples/PF18938
D6S6B0.1/51-120	examples/PF18938
D6S6B0.1/265-334	examples/PF18938
D6S6B0.1/480-550	examples/PF18938
D6S6B0.1/698-768	examples/PF18938
D6S6B0.1/854-930	examples/PF18938
D6S6B0.1/1155-1222	examples/PF18938
D6S6B0.1/1513-1581	examples/PF18938
D6S6B0.1/1944-2017	examples/PF18938
D7BLE6.1/967-1055	examples/PF18957
D7UXD2.1/5-81	examples/PF08428
D7WBT3.1/117-224	examples/PF18957
D7WBT3.1/226-321	examples/PF18957
D9QD67.2/71-170	examples/PF18957
E0NLD6.1/3807-3879	examples/PF08428
E0NLD6.1/3984-4070	examples/PF08428
E1L2Y1.1/276-354	examples/PF18938
E1L2Y1.1/361-444	examples/PF18938
E1L2Y1.1/451-531	examples/PF18938
E2SGK6.1/554-642	examples/PF08428
E2SGK6.1/644-699	examples/PF08428
E2SGK7.1/63-138	examples/PF08428
E2SGK7.1/145-220	examples/PF08428
E2SGK7.1/224-298	examples/PF08428
E2SGK7.1/302-377	examples/PF08428
E2SGK7.1/381-459	examples/PF08428
E2SSB1.1/22-97	examples/PF08428
E2SSB1.1/101-189	examples/PF08428
E2SSB1.1/191-239	examples/PF08428
E3C6Y5.1/95-175	examples/PF08428
E3C7Z7.1/582-666	examples/PF08428
E3C7Z7.1/748-823	examples/PF08428
E3C8E7.1/495-596	examples/PF08428
E3C8I5.1/28-149	examples/PF08428
E3D729.1/580-696	examples/PF18957
E3D7I6.1/308-384	examples/PF18938
E3D7I6.1/391-473	examples/PF18938
E3D7I6.1/480-559	examples/PF18938
E3D7L6.1/464-548	examples/PF08428
E3D7L6.1/553-637	examples/PF08428
E3D7L6.1/838-927	examples/PF08428
E3D7L6.1/1053-1135	examples/PF08428
E3D7L6.1/1260-1339	examples/PF08428
E3D7L6.1/1340-1428	examples/PF08428
E3D7L6.1/1430-1527	examples/PF08428
E3D7L6.1/1529-1611	examples/PF08428
E3D7L6.1/1613-1700	examples/PF08428
E3D7L6.1/1702-1790	examples/PF08428
E3D7L6.1/1792-1877	examples/PF08428
E3D7L6.1/1879-1965	examples/PF08428
E3D7L6.1/1966-2041	examples/PF08428
E3D7L6.1/2039-2117	examples/PF08428
E3D7L6.1/2117-2200	examples/PF08428
E3D7L6.1/2198-2273	examples/PF08428
E3D7L6.1/2272-2349	examples/PF08428
E3D7L6.1/2348-2422	examples/PF08428
E3D8Y5.1/323-414	examples/PF18938
E3D8Y5.1/421-494	examples/PF18938
E3D8Y5.1/503-584	examples/PF18938
E3D8Y5.1/591-666	examples/PF18938
E3D936.1/574-684	examples/PF18957
E4KQ56.1/1-28	examples/PF08428
E4KRG3.1/924-1018	examples/PF18957
E4KWU4.1/1676-1760	examples/PF08428
E4KWU4.1/2126-2199	examples/PF08428
E4KXP0.1/431-506	examples/PF08428
E4KXP0.1/521-589	examples/PF08428
E4KXP0.1/592-666	examples/PF08428
E4KXP0.1/683-749	examples/PF08428
E4KXP0.1/752-826	examples/PF08428
E4KXP0.1/837-909	examples/PF08428
E4KXP0.1/915-982	examples/PF18938
E4KYQ0.1/829-925	examples/PF18957
E4KZM1.1/1-55	examples/PF18938
E5V235.1/520-593	examples/PF08428
E5V235.1/680-760	examples/PF08428
E5V235.1/778-857	examples/PF08428
E7GMU1.1/593-670	examples/PF08428
E7GMU1.1/671-746	examples/PF08428
E7GMU1.1/750-826	examples/PF08428
E7GMU1.1/828-905	examples/PF08428
E7GMU1.1/908-986	examples/PF08428
E7GMU1.1/990-1071	examples/PF08428
E7GMU1.1/1099-1174	examples/PF08428
E7GMU1.1/1186-1261	examples/PF08428
F1T6F1.1/273-347	examples/PF18938
F1T6F1.1/354-433	examples/PF18938
F1T6F1.1/440-519	examples/PF18938
F1T6F6.1/263-339	examples/PF18938
F1T6F6.1/346-425	examples/PF18938
F1T6F6.1/432-511	examples/PF18938
F1T6H1.1/293-363	examples/PF18938
F2I4F9.1/880-975	examples/PF18957
F2I4F9.1/1204-1300	examples/PF18957
F2I4F9.1/1392-1467	examples/PF08428
F2I4F9.1/1470-1545	examples/PF08428
F2I4F9.1/1548-1623	examples/PF08428
F2I4F9.1/1631-1708	examples/PF18938
F2I4F9.1/1817-1894	examples/PF18938
F2I4F9.1/2003-2081	examples/PF18938
F2I4G1.1/940-1045	examples/PF18957
F2I4G1.1/2090-2186	examples/PF18957
F2I909.1/1294-1386	examples/PF18957
F2I909.1/1390-1477	examples/PF08428
F2I909.1/1480-1567	examples/PF08428
F2I909.1/1570-1657	examples/PF08428
F2I909.1/1660-1747	examples/PF08428
F2I909.1/1750-1837	examples/PF08428
F2I909.1/1840-1927	examples/PF08428
F2I909.1/1930-2050	examples/PF18957
F2I909.1/2054-2141	examples/PF08428
F2M285.1/71-168	examples/PF18957
F5X5T4.1/742-819	examples/PF08428
F8DZ26.1/722-813	examples/PF18957
F8DZ26.1/823-914	examples/PF18957
F8DZ26.1/922-1017	examples/PF18957
F8DZ26.1/1028-1119	examples/PF18957
F8DZ26.1/1130-1220	examples/PF18957
F8DZ26.1/1233-1324	examples/PF18957
F8DZ26.1/1337-1428	examples/PF18957
F8DZ26.1/1440-1531	examples/PF18957
F8DZ26.1/1542-1635	examples/PF18957
F8DZ26.1/1640-1732	examples/PF18957
F8DZ26.1/1746-1837	examples/PF18957
F8DZ26.1/1847-1938	examples/PF18957
F8DZ26.1/1951-2042	examples/PF18957
F8DZ26.1/2053-2147	examples/PF18957
F8DZ26.1/2157-2252	examples/PF18957
F8E3C8.1/573-670	examples/PF18957
F8E3C8.1/680-777	examples/PF18957
F8E3C8.1/787-884	examples/PF18957
F8E3C8.1/894-991	examples/PF18957
F8E3C8.1/1001-1098	examples/PF18957
F8E3C8.1/1108-1205	examples/PF18957
F9MUU4.1/1669-1749	examples/PF08428
F9MUU5.1/1697-1782	examples/PF08428
F9MUU5.1/1873-1949	examples/PF08428
F9MV78.1/1-86	examples/PF18957
F9MV78.1/90-187	examples/PF18957
F9MV78.1/189-264	examples/PF08428
G4D2Q9.1/7-82	examples/PF18938
G5KDY8.1/674-782	examples/PF18957
G5KDY8.1/784-868	examples/PF08428
G5KDY8.1/872-947	examples/PF08428
G5KDY8.1/951-1026	examples/PF08428
G5KDY8.1/1030-1105	examples/PF08428
G5KEA1.1/59-144	examples/PF08428
G5KEA1.1/145-220	examples/PF08428
G5KEA1.1/224-299	examples/PF08428
G5KEA1.1/408-510	examples/PF18957
H0DJD4.1/529-617	examples/PF18957
H0DJD4.1/635-729	examples/PF18957
H0DJD4.1/733-827	examples/PF18957
H0DJD4.1/831-924	examples/PF18957
H0DJD4.1/928-1022	examples/PF18957
H0DJD4.1/1026-1118	examples/PF18957
H0DJD4.1/1122-1214	examples/PF18957
H0DJD4.1/1218-1310	examples/PF18957
H0DJD4.1/1319-1411	examples/PF18957
H0DJD4.1/1420-1512	examples/PF18957
H0DJD4.1/1691-1783	examples/PF18957
H0DJW7.1/2-40	examples/PF08428
H0DJW8.1/778-861	examples/PF08428
H0DJX0.1/1-56	examples/PF18957
H3NBS0.1/843-913	examples/PF18938
H3NDN8.1/1425-1499	examples/PF18938
H3NG61.1/14-89	examples/PF08428
H3NG61.1/93-189	examples/PF18957
H3NG62.1/299-374	examples/PF08428
H3NG62.1/379-454	examples/PF08428
H3NG62.1/458-523	examples/PF08428
H3NG63.1/187-268	examples/PF08428
H3NG63.1/808-883	examples/PF08428
H3NG63.1/888-992	examples/PF18957
H3NG63.1/998-1092	examples/PF18957
H3NGL2.1/1017-1119	examples/PF18957
H3NGL2.1/1123-1219	examples/PF18957
H3NGL2.1/1223-1327	examples/PF18957
H3NGL2.1/1329-1404	examples/PF08428
H3NKY8.1/10-81	examples/PF18938
H3NKY8.1/91-162	examples/PF18938
H3NKY8.1/180-249	examples/PF18938
H3NKY9.1/99-178	examples/PF08428
H3NKY9.1/458-529	examples/PF18938
H3NQ46.1/2-76	examples/PF08428
H3NQE4.1/882-962	examples/PF08428
I3WGL8.1/932-1025	examples/PF18957
I3WGL8.1/1029-1123	examples/PF18957
I3WGL8.1/1410-1501	examples/PF18957
I3WGL8.1/1513-1604	examples/PF18957
I3WGL8.1/1616-1707	examples/PF18957
I4M7F7.1/487-568	examples/PF08428
I4M833.1/307-381	examples/PF18938
I4M833.1/388-467	examples/PF18938
I4M833.1/474-553	examples/PF18938
I4M871.1/471-541	examples/PF18938
I4MAX2.1/409-488	examples/PF08428
I4MBS1.1/281-363	examples/PF18938
I4MBS1.1/370-449	examples/PF18938
I4MBS1.1/456-536	examples/PF18938
I6SEU7.1/175-250	examples/PF08428
I7JUM7.1/60-135	examples/PF08428
I7JUS7.1/876-951	examples/PF08428
I7JUS7.1/962-1046	examples/PF08428
I7JUS7.1/1045-1127	examples/PF08428
I7JUS7.1/1129-1211	examples/PF08428
I7JUS7.1/1214-1290	examples/PF08428
I7JUS7.1/1290-1381	examples/PF18957
I7JXJ1.1/1-33	examples/PF08428
I7JXJ1.1/36-112	examples/PF08428
I7JXJ1.1/176-244	examples/PF18938
I7KGJ5.1/320-391	examples/PF08428
I7LCY9.1/592-681	examples/PF08428
I7LCY9.1/683-759	examples/PF08428
I7LCY9.1/767-847	examples/PF08428
I7LCY9.1/849-928	examples/PF08428
I7LCY9.1/934-1013	examples/PF08428
I7LCY9.1/1023-1100	examples/PF18938
I7WG67.1/230-302	examples/PF08428
I7WG67.1/306-378	examples/PF08428
I7WG67.1/382-454	examples/PF08428
J4TK19.1/586-664	examples/PF08428
J4TK19.1/671-747	examples/PF08428
J4TK19.1/776-855	examples/PF08428
J4UI61.1/870-944	examples/PF08428
J4UI61.1/1200-1275	examples/PF08428
J4W4M3.1/871-945	examples/PF08428
J4W4M3.1/1206-1275	examples/PF08428
K0YGW0.1/41-135	examples/PF18957
K0YGW0.1/248-342	examples/PF18957
K0YGW0.1/352-454	examples/PF18957
K0YN05.1/1-65	examples/PF18957
K0YN05.1/68-155	examples/PF18957
K0YN70.1/503-607	examples/PF18957
K0YNU0.1/392-473	examples/PF18938
K0YNW5.1/516-616	examples/PF18957
K0YNW5.1/623-714	examples/PF18957
K0YNW5.1/721-812	examples/PF18957
K0YNW5.1/824-920	examples/PF18957
K0YVC0.1/523-638	examples/PF18957
K0Z217.1/1-90	examples/PF18957
K0Z217.1/93-167	examples/PF18957
K0Z5E7.1/732-827	examples/PF18957
K0Z5E7.1/872-1000	examples/PF18957
K0Z5E7.1/1013-1109	examples/PF18957
K0Z781.1/4-58	examples/PF18957
K0ZF67.1/167-240	examples/PF18938
K1LF19.1/1026-1123	examples/PF18957
K1LF19.1/1127-1202	examples/PF08428
K1LF19.1/1210-1277	examples/PF18938
K1LF19.1/1281-1359	examples/PF08428
K1LF73.1/164-236	examples/PF18938
K1LKR4.1/775-884	examples/PF18957
K1LKR4.1/1499-1574	examples/PF08428
K1LKR4.1/1581-1656	examples/PF08428
K1LNB2.1/1-72	examples/PF18938
K1LNB2.1/83-154	examples/PF18938
K1LNB2.1/173-243	examples/PF18938
K1LVH6.1/197-276	examples/PF08428
K1LVH6.1/763-844	examples/PF08428
K1LVH6.1/848-932	examples/PF08428
K1LZA4.1/151-223	examples/PF18938
K1MH12.1/938-1034	examples/PF18957
K9AS72.1/8-78	examples/PF18938
K9AS72.1/84-154	examples/PF18938
K9AS72.1/236-305	examples/PF18938
K9AS72.1/311-381	examples/PF18938
K9AS72.1/384-459	examples/PF08428
K9AS72.1/464-535	examples/PF18938
K9EBA4.1/649-725	examples/PF08428
K9ED47.1/796-896	examples/PF18957
K9EDN9.1/41-140	examples/PF18957
K9EDN9.1/149-247	examples/PF18957
K9EEY7.1/513-601	examples/PF18957
K9EEY7.1/603-711	examples/PF18957
K9EEY7.1/712-810	examples/PF18957
K9EEY7.1/815-908	examples/PF18957
K9EHZ4.1/779-877	examples/PF18957
K9ESC0.1/889-982	examples/PF18957
K9ESC0.1/988-1075	examples/PF08428
K9ESC0.1/1172-1253	examples/PF08428
K9ESC0.1/1256-1358	examples/PF18957
K9ESC0.1/1465-1546	examples/PF08428
L1P3I0.1/411-479	examples/PF18938
L7WZH7.1/1018-1094	examples/PF18938
M5J3Z2.1/1-59	examples/PF18938
M5J4G0.1/2-70	examples/PF08428
M5J4G0.1/71-128	examples/PF08428
M5J4S9.1/72-148	examples/PF08428
M5J515.1/63-139	examples/PF08428
M5J592.1/1-61	examples/PF08428
M5J592.1/68-113	examples/PF18938
M5J592.1/119-191	examples/PF18938
M5J5X1.1/819-920	examples/PF08428
M5J6Z3.1/27-117	examples/PF08428
M5J873.1/1-69	examples/PF18938
N1ZIX7.1/37-103	examples/PF18938
N1ZSH1.1/3410-3493	examples/PF08428
N1ZTX1.1/20-95	examples/PF08428
N1ZTX1.1/97-180	examples/PF08428
N1ZTX1.1/179-263	examples/PF08428
N1ZTX1.1/587-664	examples/PF08428
N1ZTX1.1/760-838	examples/PF08428
N1ZTX1.1/845-921	examples/PF08428
N1ZTX1.1/923-1001	examples/PF08428
N1ZTX1.1/1010-1088	examples/PF08428
N1ZTX1.1/1089-1170	examples/PF08428
N1ZTX1.1/1172-1254	examples/PF08428
N1ZTX1.1/1516-1591	examples/PF08428
N1ZTX1.1/1595-1670	examples/PF08428
N1ZTX1.1/1671-1737	examples/PF08428
N2A4Q2.1/1147-1252	examples/PF18957
N2A4Q2.1/1493-1593	examples/PF18957
N2A4Q2.1/1586-1656	examples/PF08428
N2A4Q2.1/1820-1896	examples/PF08428
N2A4Q2.1/1905-1986	examples/PF08428
N2A4Q2.1/2188-2265	examples/PF08428
N2A4Q2.1/2263-2342	examples/PF08428
N2AHI0.1/700-764	examples/PF08428
N2ALZ0.1/934-1029	examples/PF18957
N2ALZ0.1/1236-1311	examples/PF08428
N2ALZ0.1/1310-1388	examples/PF08428
N2ALZ0.1/1968-2040	examples/PF08428
N2ALZ0.1/2044-2119	examples/PF08428
N2ALZ0.1/2125-2200	examples/PF08428
N2ALZ0.1/2204-2279	examples/PF08428
N2ALZ0.1/2293-2368	examples/PF08428
N2ALZ0.1/2366-2440	examples/PF08428
N2ALZ0.1/2447-2522	examples/PF08428
N2APX8.1/787-867	examples/PF08428
N2APX8.1/869-943	examples/PF08428
N2APX8.1/952-1027	examples/PF08428
N2APX8.1/1036-1111	examples/PF08428
N6X4J6.1/1180-1272	examples/PF18957
Q1G978.1/53-128	examples/PF08428
Q1G978.1/132-207	examples/PF08428
Q2FYJ6.1/1022-1096	examples/PF18938
Q2FYJ6.1/1599-1676	examples/PF08428
Q2FYJ6.1/2440-2513	examples/PF08428
Q4JSJ3.1/592-673	examples/PF18957
Q4JSJ3.1/713-817	examples/PF18957
Q4JSJ3.1/867-976	examples/PF18957
Q4JSJ3.1/1026-1135	examples/PF18957
Q4JSJ3.1/1185-1294	examples/PF18957
Q4JSJ3.1/1427-1523	examples/PF18957
Q4JSJ3.1/1631-1728	examples/PF18957
Q4JXT5.1/250-336	examples/PF18957
Q4JXT5.1/343-429	examples/PF18957
Q4JXT5.1/434-520	examples/PF18957
Q4JXT5.1/525-611	examples/PF18957
Q4L3P2.1/853-936	examples/PF08428
Q4L3P2.1/939-1022	examples/PF08428
Q4L3P2.1/1025-1108	examples/PF08428
Q4L3P2.1/1111-1194	examples/PF08428
Q4L3P2.1/1197-1280	examples/PF08428
Q4L3P2.1/1283-1366	examples/PF08428
Q4L3P2.1/1369-1452	examples/PF08428
Q4L3P2.1/1455-1538	examples/PF08428
Q5FIM7.1/921-1016	examples/PF18957
Q5FIM7.1/1224-1299	examples/PF08428
Q5FIM7.1/1298-1376	examples/PF08428
Q5FIM7.1/1492-1567	examples/PF08428
Q5FIM7.1/1573-1648	examples/PF08428
Q5FIM7.1/1663-1738	examples/PF08428
Q5FIM7.1/1757-1832	examples/PF08428
Q5FIM8.1/853-952	examples/PF18957
Q5FIM8.1/960-1055	examples/PF18957
Q5FIM8.1/1064-1159	examples/PF18957
Q5FIM8.1/1168-1263	examples/PF18957
Q5FIM8.1/1272-1347	examples/PF08428
Q5FIM8.1/1355-1430	examples/PF08428
Q5FIM8.1/1438-1513	examples/PF08428
Q5HPA2.2/328-396	examples/PF18938
Q6NJP1.1/1940-2026	examples/PF18957
Q6NJP1.1/2031-2120	examples/PF18957
Q6NJP1.1/2125-2207	examples/PF18957
Q6NJP1.1/2285-2374	examples/PF18957
Q6NKK5.1/41-132	examples/PF18957
Q74HU0.1/714-809	examples/PF18957
Q74HU0.1/1016-1091	examples/PF08428
Q74HU0.1/1090-1168	examples/PF08428
Q74HU0.1/2163-2238	examples/PF08428
Q74HU0.1/2242-2317	examples/PF08428
Q74HU0.1/2321-2396	examples/PF08428
Q74HU0.1/2402-2477	examples/PF08428
Q74HU0.1/2481-2556	examples/PF08428
Q74HU0.1/2562-2637	examples/PF08428
Q74HU0.1/2638-2711	examples/PF08428
Q74JP4.1/61-136	examples/PF08428
Q74KU3.1/683-747	examples/PF08428
Q8E1C4.1/309-384	examples/PF08428
Q8E1C4.1/388-463	examples/PF08428
Q8E1C4.1/467-542	examples/PF08428
Q8E1C4.1/546-621	examples/PF08428
Q8E1C4.1/625-700	examples/PF08428
Q8E1C4.1/704-779	examples/PF08428
Q8E1C4.1/783-858	examples/PF08428
Q8E1C4.1/862-937	examples/PF08428
Q8E1C4.1/941-1016	examples/PF08428
Q8E1C4.1/1020-1095	examples/PF08428
Q8E1C4.1/1099-1174	examples/PF08428
Q8E1C4.1/1178-1253	examples/PF08428
Q8E1C4.1/1257-1332	examples/PF08428
Q8NPH6.1/38-151	examples/PF18957
R5JGM3.1/182-250	examples/PF08428
R5QBG6.1/604-684	examples/PF08428
R5QBG6.1/687-771	examples/PF08428
R5QBG6.1/774-854	examples/PF08428
R6FTA5.1/15-94	examples/PF08428
S1N500.1/257-343	examples/PF08428
S1N500.1/522-599	examples/PF08428
S1N500.1/601-686	examples/PF08428
S1N500.1/688-770	examples/PF08428
S2W192.1/111-207	examples/PF18957
S2W1C0.1/139-212	examples/PF08428
S2W3Q1.1/249-349	examples/PF18957
S2W3W2.1/382-467	examples/PF18938
S2W446.1/658-744	examples/PF18957
S2WLL0.1/514-607	examples/PF18957
S2WLL0.1/609-719	examples/PF18957
S2WLL0.1/721-819	examples/PF18957
S2WLL0.1/825-940	examples/PF18957
S2XAE6.1/1-77	examples/PF08428
S2XAE6.1/80-163	examples/PF08428
S2XAE6.1/166-249	examples/PF08428
S2XAE6.1/252-335	examples/PF08428
S2XE46.1/1-54	examples/PF08428
S2XE46.1/57-139	examples/PF08428
S2XU97.1/807-890	examples/PF08428
S2XU97.1/893-976	examples/PF08428
S2YTU9.1/730-816	examples/PF18957
S2YTU9.1/820-912	examples/PF18957
S2YTU9.1/916-1002	examples/PF18957
S2YTU9.1/1006-1097	examples/PF18957
S2YTU9.1/1102-1192	examples/PF18957
S2YTU9.1/1196-1281	examples/PF18957
S2YTU9.1/1285-1376	examples/PF18957
S2YTU9.1/1764-1867	examples/PF18957
S2YY54.1/463-538	examples/PF08428
S2YY54.1/541-634	examples/PF18957
S2YYE0.1/680-755	examples/PF08428
S2Z152.1/799-897	examples/PF18957
S2Z275.1/55-144	examples/PF18957
S2Z2W1.1/791-895	examples/PF18957
S2Z2W1.1/901-1006	examples/PF18957
S2Z2W1.1/1013-1110	examples/PF18957
S2Z2W1.1/1116-1209	examples/PF18957
S2Z2W1.1/1212-1309	examples/PF18957
S2Z2W1.1/1315-1406	examples/PF18957
S2Z2W1.1/1412-1513	examples/PF18957
S2Z2W1.1/1518-1609	examples/PF18957
S2Z2W1.1/1619-1711	examples/PF18957
S2Z2W1.1/1720-1817	examples/PF18957
S2Z2W1.1/1822-1921	examples/PF18957
S2Z2W1.1/1927-2017	examples/PF18957
S2Z2W1.1/2023-2122	examples/PF18957
S2Z2W1.1/2125-2223	examples/PF18957
S2Z2W1.1/2234-2333	examples/PF18957
S2Z2W1.1/2341-2440	examples/PF18957
S2Z2W1.1/2445-2514	examples/PF18957
S2Z9K5.1/29-123	examples/PF18957
S2ZX86.1/492-583	examples/PF18957
S2ZX86.1/584-688	examples/PF18957
S2ZX86.1/693-783	examples/PF18957
S2ZX86.1/787-891	examples/PF18957
S2ZX86.1/895-990	examples/PF18957
S2ZX86.1/994-1110	examples/PF18957
S2ZX86.1/1543-1636	examples/PF18957
S2ZX86.1/1642-1729	examples/PF18957
S2ZX86.1/1749-1836	examples/PF18957
S3A395.1/152-241	examples/PF18957
S3A395.1/346-439	examples/PF18957
S3A395.1/459-553	examples/PF18957
S3XWZ7.1/315-411	examples/PF18957
S3XWZ7.1/416-512	examples/PF18957
S3XWZ7.1/517-612	examples/PF18957
S3Y2Z8.1/1-50	examples/PF18957
S3Y4E5.1/10-107	examples/PF18957
S3Y4E5.1/111-174	examples/PF18957
S3Y631.1/513-602	examples/PF18957
S3Y631.1/604-711	examples/PF18957
S3Y631.1/713-811	examples/PF18957
S3Y631.1/815-909	examples/PF18957
S3Y658.1/1-44	examples/PF18957
S3Y658.1/174-244	examples/PF18957
S3ZAW4.1/560-631	examples/PF18957
S5TKT9.1/46-138	examples/PF18957
T0TF56.1/1-69	examples/PF08428
T0TF56.1/73-148	examples/PF08428
T0U0E6.1/579-652	examples/PF08428
T0U0E6.1/655-753	examples/PF18957
T0U0E6.1/926-1001	examples/PF08428
T0U0E6.1/1005-1083	examples/PF08428
T0U0E6.1/1087-1162	examples/PF08428
T0V945.1/412-482	examples/PF18938
T0V945.1/721-788	examples/PF18938
T5LT27.1/582-649	examples/PF18938
T5LT27.1/653-721	examples/PF18938
U1RAQ3.1/107-197	examples/PF18957
U1SGB4.1/1-48	examples/PF18957
U1SGB4.1/53-145	examples/PF18957
U1SGB4.1/151-239	examples/PF18957
U1SGB4.1/246-345	examples/PF18957
U1SGN0.1/601-710	examples/PF18957
U1SGN0.1/715-809	examples/PF18957
U1SGN0.1/819-907	examples/PF18957
U1SGN0.1/909-1007	examples/PF18957
U2PUP9.1/165-259	examples/PF18957
U2PUP9.1/265-355	examples/PF18957
U2S018.1/960-1030	examples/PF18938
U2S3F0.1/472-547	examples/PF08428
U2S5M1.1/1-40	examples/PF18938
U2S5M1.1/43-110	examples/PF18938
U2VAG8.1/372-456	examples/PF18938
U5P9T4.1/324-394	examples/PF18938
U7MSY3.1/676-751	examples/PF08428
U7MXM2.1/277-367	examples/PF18957
U7MXM2.1/374-465	examples/PF18957
U7MXM2.1/857-954	examples/PF18957
U7MXM2.1/1009-1106	examples/PF18957
U7MXM2.1/1140-1237	examples/PF18957
U7PF12.1/734-817	examples/PF08428
U7PF12.1/820-902	examples/PF08428
U7PF12.1/905-987	examples/PF08428
U7PF12.1/989-1071	examples/PF08428
U7PF12.1/1074-1156	examples/PF08428
U7PF12.1/1158-1241	examples/PF08428
U7PF12.1/1244-1327	examples/PF08428
U7PF12.1/1330-1413	examples/PF08428
U7PF12.1/1415-1497	examples/PF08428
U7PF12.1/1499-1582	examples/PF08428
U7PF12.1/1585-1668	examples/PF08428
U7PF12.1/1671-1754	examples/PF08428
U7PF12.1/1757-1839	examples/PF08428
U7PF12.1/1841-1923	examples/PF08428
U7PG05.1/1-49	examples/PF08428
U7PG05.1/52-135	examples/PF08428
U7PG05.1/138-221	examples/PF08428
U7PG05.1/224-306	examples/PF08428
U7PG05.1/308-391	examples/PF08428
U7PG05.1/394-476	examples/PF08428
U7PG05.1/478-560	examples/PF08428
U7PG05.1/562-645	examples/PF08428
U7PG05.1/647-730	examples/PF08428
U7PG05.1/733-815	examples/PF08428
U7PG05.1/817-900	examples/PF08428
U7PG05.1/903-985	examples/PF08428
U7PG05.1/987-1070	examples/PF08428
U7PG05.1/1073-1155	examples/PF08428
U7PG05.1/1157-1240	examples/PF08428
U7PG05.1/1243-1325	examples/PF08428
U7PG05.1/1327-1410	examples/PF08428
U7PG05.1/1413-1495	examples/PF08428
U7PG05.1/1497-1580	examples/PF08428
U7PG05.1/1583-1665	examples/PF08428
U7PG05.1/1667-1750	examples/PF08428
U7PG05.1/1753-1835	examples/PF08428
U7PG05.1/1838-1920	examples/PF08428
U7PG05.1/1922-2005	examples/PF08428
U7PG05.1/2008-2090	examples/PF08428
U7PG05.1/2092-2175	examples/PF08428
U7PG05.1/2178-2260	examples/PF08428
U7PG05.1/2262-2345	examples/PF08428
U7PG05.1/2348-2431	examples/PF08428
U7PG05.1/2434-2517	examples/PF08428
U7PG05.1/2520-2603	examples/PF08428
U7PG05.1/2605-2688	examples/PF08428
U7PG05.1/2691-2774	examples/PF08428
U7PG05.1/2777-2859	examples/PF08428
U7PG05.1/2861-2944	examples/PF08428
U7PG05.1/2948-3041	examples/PF18957
U7UEX3.1/449-534	examples/PF18938
U7UHJ9.1/1-63	examples/PF18938
U7UHJ9.1/62-134	examples/PF18938
U7UJP5.1/2593-2674	examples/PF08428
U7UJP5.1/2767-2841	examples/PF08428
U7USQ6.1/1052-1121	examples/PF18938
U7USQ6.1/1125-1196	examples/PF18938
U7USQ6.1/1200-1269	examples/PF18938
U7USQ6.1/1275-1346	examples/PF18938
U7USQ6.1/1353-1426	examples/PF18938
U7USQ6.1/1425-1497	examples/PF18938
V4QVZ4.1/1-60	examples/PF08428
V4QVZ4.1/63-140	examples/PF08428
V6Z0Y7.1/1-43	examples/PF08428
V6Z0Y7.1/47-122	examples/PF08428
W1TJT5.1/974-1057	examples/PF08428
W1TNJ2.1/1544-1656	examples/PF18957
W1TRQ1.1/1593-1685	examples/PF18957
W1TSE1.1/509-602	examples/PF18957
W1TSE1.1/604-715	examples/PF18957
W1TSE1.1/715-814	examples/PF18957
W1TSE1.1/820-935	examples/PF18957
W1UHZ1.1/237-312	examples/PF18938
W1UKU0.1/1588-1656	examples/PF08428
W1UKU0.1/1659-1728	examples/PF08428
W1UKU0.1/1881-1955	examples/PF08428
W1UKU0.1/1956-2024	examples/PF08428
W1UMR9.1/76-148	examples/PF08428
W1UMR9.1/218-290	examples/PF08428
W1UQ85.1/613-701	examples/PF18938
W1UT18.1/1556-1627	examples/PF08428
